{"cameraMode":{"drawMode":0,"name":"Shaded","section":"Shading Mode"},"sceneLighting":true,"audioPlay":false,"sceneViewState":{"m_AlwaysRefresh":false,"showFog":true,"showSkybox":true,"showFlares":true,"showImageEffects":true,"showParticleSystems":true,"showVisualEffectGraphs":true,"m_FxEnabled":true},"in2DMode":false,"pivot":{"x":3.389596700668335,"y":5.857384204864502,"z":0.43072509765625},"rotation":{"x":0.016462335363030435,"y":0.06683911383152008,"z":-0.001102923764847219,"w":0.9976282119750977},"size":4.8348307609558109,"orthographic":false}