{"cameraMode":{"drawMode":0,"name":"Shaded","section":"Shading Mode"},"sceneLighting":true,"audioPlay":false,"sceneViewState":{"m_AlwaysRefresh":false,"showFog":true,"showSkybox":true,"showFlares":true,"showImageEffects":true,"showParticleSystems":true,"showVisualEffectGraphs":true,"m_FxEnabled":true},"in2DMode":false,"pivot":{"x":7.773322105407715,"y":1.620201587677002,"z":-0.3004493713378906},"rotation":{"x":0.016462335363030435,"y":0.06683911383152008,"z":-0.001102923764847219,"w":0.9976282119750977},"size":4.6522345542907719,"orthographic":false}