{"cameraMode":{"drawMode":0,"name":"Shaded","section":"Shading Mode"},"sceneLighting":false,"audioPlay":false,"sceneViewState":{"m_AlwaysRefresh":false,"showFog":true,"showSkybox":false,"showFlares":true,"showImageEffects":true,"showParticleSystems":true,"showVisualEffectGraphs":true,"m_FxEnabled":true},"in2DMode":false,"pivot":{"x":622.5142822265625,"y":1216.091064453125,"z":-12.72607421875},"rotation":{"x":-0.005999939050525427,"y":0.004795636050403118,"z":0.000028765509341610596,"w":0.9999714493751526},"size":139.92828369140626,"orthographic":false}